name;rubric;address;rating;reviews;phones;socials;2gis_url
"ТК Комета, перевозка автомобилей и спецтехники";"грузоперевозки";"13-я Рабочая улица, 12";"5";"1818";"+7-904-627-48-88, +7 (423) 297-48-88";"telegram";"https://2gis.ru/vladivostok/firm/70000001081846015"
"Avtobox7255, автокомплекс";"автомойка";"улица Карбышева, 11г";"5";"722";"+7 (423) 201-27-57, +7-924-731-27-57";"telegram";"https://2gis.ru/vladivostok/firm/70000001032149592"
"Green auto wash, автомойка";"автомойка";"Липовая улица, 11 ст3";"4.5";"580";"+7-924-730-52-53, +7 (423) 200-52-53";"";"https://2gis.ru/vladivostok/firm/70000001053708769"
"Стрижевский, мужская парикмахерская";"салон красоты";"Некрасовская улица, 96";"5";"445";"+7 (423) 268-18-38, +7-902-482-18-38";"vkontakte,telegram";"https://2gis.ru/vladivostok/firm/70000001044328548"
"Мойдодыр №1, автомойка";"автомойка";"улица Борисенко, 38Б ст2";"4";"419";"+7-914-703-76-69";"telegram";"https://2gis.ru/vladivostok/firm/3518965489942279"
"Мартин-мебель, мебельная компания";"мебель на заказ";"Луговая улица, 28 ст4";"4.9";"383";"+7-914-705-27-79, +7 (423) 275-27-79";"vkontakte,telegram";"https://2gis.ru/vladivostok/firm/70000001018006062"
"Мойдодыр №1, автомойка";"автомойка";"улица Руднева, 13в";"4.7";"368";"+7-924-941-43-42";"telegram";"https://2gis.ru/vladivostok/firm/3518965489866020"
"Темп, автоцентр";"автосервис";"Народный проспект, 27Б ст2";"4.8";"353";"+7 (423) 245-35-50, +7-914-329-79-63";"";"https://2gis.ru/vladivostok/firm/3518965489866454"
"Dacar, автомойка";"автомойка";"улица Анны Щетининой, 23";"4.8";"342";"+7 (423) 257-45-57, +7-902-557-45-57";"";"https://2gis.ru/vladivostok/firm/70000001030911153"
"ВсеГрузы.РФ";"грузоперевозки";"Русская улица, 65 к10";"4.8";"312";"+7 (423) 294-90-74, +7-908-994-90-74";"telegram";"https://2gis.ru/vladivostok/firm/70000001067913066"
"Пена, автомойка";"автомойка";"проспект 100-летия Владивостока, 32в";"4.7";"311";"+7 (423) 299-95-33";"telegram";"https://2gis.ru/vladivostok/firm/70000001043822676"
"Поток, автомоечный комплекс";"автомойка";"15-я улица, 1д";"3.8";"305";"+7 (423) 205-38-38";"";"https://2gis.ru/vladivostok/firm/70000001075595956"
"Окна Эксперт, компания";"пластиковые окна";"Снеговая улица, 109 к2";"4.9";"293";"+7-902-505-07-08";"telegram";"https://2gis.ru/vladivostok/firm/70000001018850953"
"Сити мебель, мебельная фабрика";"мебель на заказ";"Выселковая улица, 39";"4.9";"288";"+7-924-123-71-11, +7-902-050-43-33";"telegram";"https://2gis.ru/vladivostok/firm/70000001027532472"
"VIP сервис, автомойка";"автомойка";"Пологая улица, 3";"4.7";"280";"+7 (423) 255-98-88, +7 (423) 254-97-77";"";"https://2gis.ru/vladivostok/firm/3518965489997285"
"МЕХАНИК-АВТО, автосервис";"автосервис";"улица Толстого, 52 ст4";"4.8";"266";"+7-967-958-80-66, +7-902-506-56-58";"";"https://2gis.ru/vladivostok/firm/70000001044422371"
"Мебельмакс, магазин матрасов и мебели";"мебель на заказ";"Народный проспект, 11Б";"5";"262";"+7 (423) 275-85-44, +7-914-705-85-44";"odnoklassniki,vkontakte,telegram";"https://2gis.ru/vladivostok/firm/70000001007472627"
"Свой автосервис";"автосервис";"Волховская улица, 26а";"5";"251";"+7-902-505-06-26, +7-995-434-72-90";"youtube,telegram";"https://2gis.ru/vladivostok/firm/70000001047756752"
"Black car, автомойка";"автомойка";"улица Калинина, 4а ст9";"4.3";"250";"+7-914-795-40-43";"";"https://2gis.ru/vladivostok/firm/70000001032308712"
"Про.fashion, салон красоты";"салон красоты";"Русская улица, 1в";"4.9";"232";"+7 (423) 2-300-312, +7-914-704-77-85";"vkontakte,telegram";"https://2gis.ru/vladivostok/firm/3518965489866481"
"Субару Клуб, автоцентр";"автосервис";"проспект 100-летия Владивостока, 57 ст3";"4.9";"230";"+7 (423) 236-00-32, +7 (423) 266-00-92";"telegram";"https://2gis.ru/vladivostok/firm/3518965489866441"
"Public carwash, автомойка самообслуживания";"автомойка";"улица Фадеева, 30Б ст3";"4.4";"220";"+7-924-245-30-02";"";"https://2gis.ru/vladivostok/firm/70000001065595932"
"Желтый бокс, автосервис";"автосервис";"Сельская улица, 6а";"4.8";"217";"+7 (423) 299-29-29, +7-904-629-29-29";"telegram";"https://2gis.ru/vladivostok/firm/3518965489870483"
"Лазер 360, экспресс-мойка";"автомойка";"Днепровская улица, 103";"4.7";"212";"+7-914-792-12-34";"";"https://2gis.ru/vladivostok/firm/70000001060461451"
"Карат-В, стоматологическая клиника";"стоматология";"Русская улица, 77";"4.5";"209";"+7 (423) 232-98-98, +7-924-260-99-79";"telegram";"https://2gis.ru/vladivostok/firm/3518965489861052"
"Ftc, ремонт вариаторов и АКПП";"автосервис";"Западная улица, 11";"5";"205";"+7-914-664-32-90";"telegram";"https://2gis.ru/vladivostok/firm/70000001028631070"
"UniverStom, стоматологическая клиника";"стоматология";"улица Кутузова, 3а";"4.9";"204";"+7-951-024-25-25, +7 (423) 294-35-35";"";"https://2gis.ru/vladivostok/firm/70000001038605736"
"Diamond, автокомплекс";"автомойка";"Некрасовская улица, 94";"4.2";"203";"+7-924-730-50-30";"telegram";"https://2gis.ru/vladivostok/firm/70000001019893566"
"Grass, автомойка";"автомойка";"Бородинская улица, 47Б";"4.5";"198";"+7-951-003-12-12, +7-951-014-02-92";"";"https://2gis.ru/vladivostok/firm/3518965489932552"
"та САМая, автомойка";"автомойка";"улица Калинина, 8";"4.6";"191";"+7 (423) 295-20-20";"";"https://2gis.ru/vladivostok/firm/70000001046981413"
"Electro Motors, ремонт гибридов и электромобилей";"автосервис";"Стрелочная улица, 4а";"4.8";"183";"+7-999-615-37-37";"";"https://2gis.ru/vladivostok/firm/70000001023297003"
"Мастерская шиномонтажных и сварочных работ";"автосервис";"Народный проспект, 2д";"4.7";"174";"+7-908-449-45-26";"";"https://2gis.ru/vladivostok/firm/70000001041046986"
"Анкер авто, автокомплекс";"автомойка";"Окатовая улица, 66 ст2";"4.8";"170";"+7 (423) 254-05-24, +7 (423) 280-32-30";"telegram,vkontakte";"https://2gis.ru/vladivostok/firm/3518965489946114"
"Новая, автомойка";"автомойка";"Партизанский проспект, 49";"4.3";"166";"+7 (423) 259-72-72, +7 (423) 245-16-19";"";"https://2gis.ru/vladivostok/firm/3518965489938237"
"Советник, коллегия адвокатов";"юридические услуги";"Верхнепортовая улица, 12а";"5";"152";"+7-914-079-53-91";"telegram";"https://2gis.ru/vladivostok/firm/70000001089757628"
"Black Shelby, автоцентр";"автомойка";"3-я улица, 7г";"4.9";"149";"+7-984-159-52-30";"telegram";"https://2gis.ru/vladivostok/firm/70000001077839510"
"Грязный Гарри, автокомплекс";"автомойка";"улица Нейбута, 41в";"4.9";"147";"+7 (423) 295-97-55, +7-908-995-97-55";"";"https://2gis.ru/vladivostok/firm/3518965489943352"
"Wheel, СТО";"автосервис";"улица Фадеева, 42 ст3";"4.9";"135";"+7-914-7060-686, +7 (423) 276-06-86";"";"https://2gis.ru/vladivostok/firm/3518965489894209"
"Чайка, детский культурно-развлекательный центр";"детский центр";"Черёмуховая улица, 40";"4.8";"131";"+7-924-730-07-71, +7 (423) 225-37-45";"vkontakte";"https://2gis.ru/vladivostok/firm/70000001018527866"
"Авторитет, экспертно-оценочное бюро";"юридические услуги";"проспект 100-летия Владивостока, 56";"5";"125";"+7 (423) 252-32-21, +7-914-739-51-13";"";"https://2gis.ru/vladivostok/firm/3518966490024362"
"МАХсервис777, автосервис";"автосервис";"улица Лермонтова, 56в";"4.9";"124";"+7-924-235-67-77";"";"https://2gis.ru/vladivostok/firm/70000001019555656"
"Казанский мост, автоцентр";"автомойка";"Верхнепортовая улица, 78в";"4.5";"124";"+7 (423) 2-535-535";"";"https://2gis.ru/vladivostok/firm/3518965489870352"
"A-Service, автосервис";"автосервис";"улица Черняховского, 3 ст2";"4.9";"122";"+7-914-333-67-64";"telegram";"https://2gis.ru/vladivostok/firm/70000001094455897"
"Holikorn, автосервис";"автосервис";"3-я Поселковая улица, 7 ст1";"5";"122";"+7-902-521-65-83";"telegram";"https://2gis.ru/vladivostok/firm/70000001103332312"
"Лонг Лаш, студия";"салон красоты";"Аксаковская улица, 3";"5";"121";"+7-996-426-58-86";"telegram";"https://2gis.ru/vladivostok/firm/70000001047805597"
"Вош Ми!, автомойка";"автомойка";"улица Майора Филипова, 11 ст4";"4.8";"121";"+7-902-556-06-00";"telegram";"https://2gis.ru/vladivostok/firm/70000001106140204"
"Чистота Дв";"клининговая компания";"";"4.7";"113";"+7-914-077-10-05, +7-995-534-75-95";"";"https://2gis.ru/vladivostok/firm/70000001066603671"
"Автокомплекс 24, автомойка";"автомойка";"Иртышская улица, 23 ст2";"4.5";"113";"+7 (423) 250-05-84, +7-908-440-05-84";"";"https://2gis.ru/vladivostok/firm/70000001020101648"
"АвтоНайс";"автомойка";"Выселковая улица, 40";"4.9";"111";"+7-924-008-64-38, +7-914-669-33-67";"";"https://2gis.ru/vladivostok/firm/70000001092063845"
"Лайф, стоматологическая клиника";"стоматология";"проспект 100-летия Владивостока, 20";"5";"107";"+7-902-480-94-94";"";"https://2gis.ru/vladivostok/firm/3518965489893524"
"Блеск, выездная химчистка мебели";"клининговая компания";"Сахалинская улица, 41";"5";"107";"+7-950-289-42-29, +7-911-232-96-67";"vkontakte";"https://2gis.ru/vladivostok/firm/70000001093511757"
"Renome service, автосервис";"автомойка";"улица Адмирала Юмашева, 22в";"4.9";"106";"+7-996-280-16-89, +7 (423) 261-04-50";"vkontakte";"https://2gis.ru/vladivostok/firm/3518965489905434"
"Твинкам, автосервис";"автосервис";"улица Котельникова, 27";"4.9";"104";"+7 (423) 260-97-36, +7 (423) 200-68-66";"";"https://2gis.ru/vladivostok/firm/3518965489867070"
"Питстоп, автосервис";"автомойка";"Аллилуева улица, 12";"4.8";"96";"+7 (423) 2-609-309, +7 (423) 2-902-950";"";"https://2gis.ru/vladivostok/firm/3518965489911243"
"Bibistation, автомойка самообслуживания";"автомойка";"Днепровская улица, 48";"4.7";"92";"+7-908-963-02-99";"telegram";"https://2gis.ru/vladivostok/firm/70000001104406369"
"Градинар, маникюрный салон";"салон красоты";"улица Майора Филипова, 16";"5";"86";"+7-924-131-23-86";"";"https://2gis.ru/vladivostok/firm/70000001068007423"
"Алые паруса, автомоечный комплекс";"автомойка";"улица Крыгина, 105/1";"4.7";"83";"+7-994-024-80-91";"";"https://2gis.ru/vladivostok/firm/70000001042137843"
"Мой дом, компания";"клининговая компания";"улица Краева, 8а";"4.8";"80";"+7 (423) 297-75-55";"";"https://2gis.ru/vladivostok/firm/70000001051412390"
"Море кроваток";"мебель на заказ";"улица Вилкова, 5а";"4.9";"76";"+7-902-481-54-75, +7 (423) 267-54-75";"telegram";"https://2gis.ru/vladivostok/firm/70000001045780215"
"Аквамен, автомойка самообслуживания";"автомойка";"улица Салтыкова, 2а ст1";"4.6";"75";"+7-966-990-00-30";"telegram";"https://2gis.ru/vladivostok/firm/70000001110971410"
"Bezacar";"автомойка";"улица Матросова, 30 ст6";"4.7";"74";"+7-914-974-91-05";"telegram";"https://2gis.ru/vladivostok/firm/70000001064876654"
"Автокомплекс";"автомойка";"проспект 100-летия Владивостока, 153 ст2";"4.9";"73";"+7 (423) 255-24-06, +7 (423) 252-37-37";"";"https://2gis.ru/vladivostok/firm/3518965489870425"
"Автосервис на Снеговой";"автосервис";"Снеговая улица, 7Б";"4.9";"62";"+7-914-668-88-72, +7-984-156-64-24";"";"https://2gis.ru/vladivostok/firm/70000001021984235"
"Мастер Быт, ремонт квартир";"ремонт квартир";"Цимлянская улица, 30/1";"4.8";"61";"+7-908-453-30-74, +7-908-453-30-68";"";"https://2gis.ru/vladivostok/firm/70000001078929350"
"Автолэнд";"автосервис";"5-я Матросская улица, 26";"5";"60";"+7-902-483-15-25";"";"https://2gis.ru/vladivostok/firm/70000001030411252"
"А+ Альянс Авто, автосервис";"автосервис";"6-я улица, 9 ст1";"4.9";"59";"+7-914-705-96-56, +7 (423) 275-96-56";"";"https://2gis.ru/vladivostok/firm/3518965489866592"
"Dent line, стоматология";"стоматология";"Народный проспект, 53";"4.8";"59";"+7 (423) 207-06-15, +7-914-655-88-80";"telegram";"https://2gis.ru/vladivostok/firm/70000001096901372"
"Lite, автомоечный комплекс";"автомойка";"проспект Красного Знамени, 104а";"4.6";"58";"+7-902-487-56-74, +7 (423) 248-56-74";"telegram";"https://2gis.ru/vladivostok/firm/70000001103842978"
"Гармония, стоматологическая клиника";"стоматология";"Печорская улица, 8а";"4.8";"55";"+7-902-484-24-23";"vkontakte";"https://2gis.ru/vladivostok/firm/3518965489932062"
"Акцент, студия наращивания ресниц";"салон красоты";"Русская улица, 3";"5";"48";"+7-914-968-93-33, +7-914-325-05-47";"telegram";"https://2gis.ru/vladivostok/firm/70000001053997167"
"Apex Logistics";"грузоперевозки";"Снеговая улица, 18а";"4.9";"48";"+7-924-135-02-22";"telegram";"https://2gis.ru/vladivostok/firm/70000001103627652"
"Волна, автомойка";"автомойка";"улица Адмирала Юмашева, 7Б";"3.9";"48";"+7 (423) 272-85-55";"";"https://2gis.ru/vladivostok/firm/70000001018632036"
"Розовый фламинго, салон красоты";"салон красоты";"Светланская улица, 181";"4.5";"46";"+7-966-271-44-42";"";"https://2gis.ru/vladivostok/firm/3518965489865556"
"Клининг-911, клининговая компания";"клининговая компания";"";"5";"39";"+7-950-299-40-68";"telegram";"https://2gis.ru/vladivostok/firm/70000001095477276"
"Bomba lash, школа-студия наращивания ресниц";"салон красоты";"";"5";"39";"+7-914-424-19-69";"telegram";"https://2gis.ru/vladivostok/firm/70000001083470366"
"ПроЛог, речевой кабинет";"детский центр";"улица Толбухина, 2 к1";"5";"36";"+7-902-506-70-65";"telegram";"https://2gis.ru/vladivostok/firm/70000001068412682"
"Автоклиника";"автосервис";"Русская улица, 135 ст2";"4.9";"35";"+7-924-233-03-03";"telegram";"https://2gis.ru/vladivostok/firm/70000001090203973"
"Makemirrors, торгово-производственная компания";"мебель на заказ";"Бородинская улица, 20";"5";"35";"+7-999-615-99-97";"vkontakte,odnoklassniki,telegram";"https://2gis.ru/vladivostok/firm/70000001044205228"
"Вундеркинды, логоцентр";"детский центр";"улица 50 лет ВЛКСМ, 11";"5";"35";"+7-908-448-15-57, +7-953-220-65-82";"telegram";"https://2gis.ru/vladivostok/firm/70000001006482794"
"Level Oil, автокомплекс";"автомойка";"улица Капитана Шефнера, 12";"4.9";"34";"+7 (423) 261-88-20, +7-908-991-88-20";"";"https://2gis.ru/vladivostok/firm/70000001113907507"
"Лаборатория Масел, автосервис";"автосервис";"Комсомольская улица, 10в";"5";"33";"+7-924-940-60-60";"telegram";"https://2gis.ru/vladivostok/firm/70000001080956917"
"Эко Стиль, натяжные потолки";"натяжные потолки";"Уссурийская улица, 1 к5";"5";"33";"+7-902-480-97-09";"";"https://2gis.ru/vladivostok/firm/70000001020302810"
"Современная гармония красоты, салон";"салон красоты";"Хабаровская улица, 36";"4.9";"32";"+7-995-280-44-11";"telegram";"https://2gis.ru/vladivostok/firm/70000001098028515"
"Apex Service";"автосервис";"Военное шоссе, 46а";"5";"30";"+7-924-126-70-11";"vkontakte,telegram";"https://2gis.ru/vladivostok/firm/70000001112930925"
"Diamond, автокомплекс";"автомойка";"Некрасовская улица, 49а";"4.1";"30";"+7-914-660-66-19";"telegram";"https://2gis.ru/vladivostok/firm/70000001090815032"
"Detailing Exclusive, центр ухода за автомобилями";"автомойка";"Днепровская улица, 100 ст15";"4.6";"30";"+7-950-283-33-73";"";"https://2gis.ru/vladivostok/firm/70000001079051199"
"Феникс, автосервис";"автомойка";"Выселковая улица, 49Б ст1";"4.4";"29";"+7-914-705-01-20, +7-914-676-60-78";"";"https://2gis.ru/vladivostok/firm/70000001047972271"
"Максимум, автоцентр";"автосервис";"Снеговая улица, 12 ст4";"4.7";"28";"+7 (423) 267-46-57, +7 (423) 274-00-21";"telegram";"https://2gis.ru/vladivostok/firm/3518965489986963"
"Комфорт Град, строительная компания";"натяжные потолки";"1-я Рабочая улица, 44а";"5";"27";"+7-924-938-48-88, +7-914-969-48-88";"vkontakte,telegram";"https://2gis.ru/vladivostok/firm/70000001098459781"
"МвТех, автосервис Mercedes и BMW";"автосервис";"Острогорная улица, 11а";"5";"26";"+7-924-260-06-26";"telegram";"https://2gis.ru/vladivostok/firm/70000001099839727"
"Japan box";"автосервис";"Металлургическая улица, 1г";"4.9";"23";"+7-908-964-06-64";"telegram";"https://2gis.ru/vladivostok/firm/70000001094734145"
"БИКЛИН, клининговый центр";"клининговая компания";"";"4.6";"22";"+7 (423) 280-09-20";"telegram";"https://2gis.ru/vladivostok/firm/70000001037222856"
"Юридическое агентство Защита";"юридические услуги";"Русская улица, 17 ст2";"5";"20";"+7-924-333-58-88";"telegram";"https://2gis.ru/vladivostok/firm/70000001090637811"
"Майн, ногтевая студия";"салон красоты";"улица Вилкова, 11";"5";"20";"+7-924-183-16-84";"vkontakte,telegram";"https://2gis.ru/vladivostok/firm/70000001100871843"
"Галеон-строй, строительный магазин";"пластиковые окна";"улица Сипягина, 28";"4.7";"20";"+7 (423) 265-41-81, +7-964-434-41-81";"";"https://2gis.ru/vladivostok/firm/70000001039723692"
"Базальт, оптово-розничная компания";"пластиковые окна";"Волжская улица, 1 ст2";"3.6";"20";"+7-914-672-06-07, +7-914-659-37-23";"";"https://2gis.ru/vladivostok/firm/3518965489868452"
"Progress Auto, автоцентр";"автосервис";"Экипажная улица, 1 ст5";"4.7";"19";"+7-924-122-21-11, +7-934-100-30-80";"telegram";"https://2gis.ru/vladivostok/firm/70000001113073485"
"Доступные Окна";"пластиковые окна";"Выселковая улица, 39 ст15";"4.5";"19";"+7-924-122-52-22";"telegram";"https://2gis.ru/vladivostok/firm/70000001100871091"
"Афанасьев, Юрасик и партнеры, адвокатское бюро";"юридические услуги";"улица Ильичёва, 4";"5";"18";"+7-984-149-80-08";"";"https://2gis.ru/vladivostok/firm/70000001093822007"
"Мультимодал ДВ, транспортная компания";"грузоперевозки";"";"5";"17";"+7-924-731-22-12, +7-908-449-22-12";"";"https://2gis.ru/vladivostok/firm/70000001098183551"
"Идеал, стоматологический кабинет";"стоматология";"улица Нейбута, 31";"4.5";"16";"+7 (423) 290-90-23, +7-902-505-90-23";"telegram";"https://2gis.ru/vladivostok/firm/3518965489911481"
"Быстро чисто, клининговая компания";"клининговая компания";"";"5";"15";"+7-951-001-38-88";"telegram";"https://2gis.ru/vladivostok/firm/70000001114687787"
"Щит и меч, краевая коллегия адвокатов";"юридические услуги";"улица Толстого, 32а";"5";"14";"+7-914-668-56-17";"vkontakte,telegram";"https://2gis.ru/vladivostok/firm/70000001029304769"
"Трудовые ресурсы, аутсорсинговая компания";"грузоперевозки";"улица Леонова, 70";"5";"13";"+7-999-618-11-24";"telegram";"https://2gis.ru/vladivostok/firm/70000001086728762"
"Мебель & Интерьер, салон мебели";"мебель на заказ";"Железнодорожная улица, 13 ст2";"5";"12";"+7-902-524-23-01, +7-902-524-22-86";"";"https://2gis.ru/vladivostok/firm/70000001045437470"
"Главный потребительский контроль";"юридические услуги";"Мельниковская улица, 101";"4.6";"12";"+7 (423) 201-70-07";"telegram";"https://2gis.ru/vladivostok/firm/70000001019577702"
"Атмосфера, торгово-производственная компания";"пластиковые окна";"Днепровская улица, 98в";"4.8";"12";"+7-984-193-45-48, +7 (423) 291-23-13";"";"https://2gis.ru/vladivostok/firm/70000001035643144"
"Умные дети";"детский центр";"проспект 100-летия Владивостока, 40а";"5";"12";"+7-924-730-75-15";"vkontakte,telegram";"https://2gis.ru/vladivostok/firm/70000001113650565"
"Сервис клин, клининговая компания";"клининговая компания";"Океанский проспект, 8";"5";"11";"+7-914-704-42-88";"telegram";"https://2gis.ru/vladivostok/firm/70000001056398687"
"Чистюля, клининговая компания";"клининговая компания";"";"5";"11";"+7-950-297-60-88";"";"https://2gis.ru/vladivostok/firm/70000001087674496"
"Источник красоты, СПА-салон";"салон красоты";"улица Давыдова, 35";"5";"11";"+7-924-135-24-54";"vkontakte";"https://2gis.ru/vladivostok/firm/70000001112702779"
"Форммэйд, компания";"ремонт квартир";"Алеутская улица, 45";"5";"10";"+7-902-075-66-25";"telegram";"https://2gis.ru/vladivostok/firm/70000001113476944"
"Reshenie, компания";"ремонт квартир";"Выселковая улица, 40";"5";"9";"+7-994-005-80-05";"telegram";"https://2gis.ru/vladivostok/firm/70000001101452395"
"Костюченко, Москаленко и партнеры, коллегия адвокатов";"юридические услуги";"Океанский проспект, 123Б";"5";"9";"+7-924-130-13-38, +7-908-461-31-71";"telegram";"https://2gis.ru/vladivostok/firm/70000001101552974"
"888, автосервис";"автосервис";"улица Толстого, 25 ст2";"4.6";"8";"+7-966-272-78-88";"";"https://2gis.ru/vladivostok/firm/70000001100341299"
"Архи Плюс, дизайн-бюро";"ремонт квартир";"проспект Острякова, 5";"5";"8";"+7-924-7302-750, +7-902-524-17-49";"";"https://2gis.ru/vladivostok/firm/70000001021610935"
"Восток Форс, магазин-склад стройматериалов";"ремонт квартир";"Енисейская улица, 32 ст8";"4.7";"8";"+7-914-960-26-95, +7-984-150-03-32";"telegram";"https://2gis.ru/vladivostok/firm/70000001094087255"
"Деликат";"ремонт квартир";"Снеговая улица, 13а";"4.1";"7";"+7 (423) 200-05-90, +7-914-796-02-49";"telegram";"https://2gis.ru/vladivostok/firm/70000001017797681"
"Diamond Cleaning";"клининговая компания";"";"5";"7";"+7-984-146-46-42";"telegram";"https://2gis.ru/vladivostok/firm/70000001100164586"
"МиЛена";"клининговая компания";"";"5";"7";"+7-994-993-63-11";"";"https://2gis.ru/vladivostok/firm/70000001084543079"
"Адвокат Шихеева Г.И.";"юридические услуги";"Океанский проспект, 48а";"5";"6";"+7-924-522-13-13, +7-924-520-30-87";"";"https://2gis.ru/vladivostok/firm/70000001103767251"
"Строй окна, установка окон";"пластиковые окна";"проспект 100-летия Владивостока, 20";"3.7";"6";"+7-914-706-43-25, +7 (423) 276-43-25";"";"https://2gis.ru/vladivostok/firm/70000001055279029"
"Техстрой-А, оконная компания";"пластиковые окна";"Бородинская улица, 26 ст20";"5";"6";"+7-908-444-86-84, +7-984-197-88-18";"";"https://2gis.ru/vladivostok/firm/70000001035952566"
"Акватория, автомоечный комплекс";"автомойка";"Светланская улица, 90";"3.5";"6";"+7-914-654-00-65";"telegram";"https://2gis.ru/vladivostok/firm/70000001111664738"
"Твой балкон, торгово-монтажная компания";"натяжные потолки";"Черёмуховая улица, 7";"5";"5";"+7 (423) 277-03-33, +7 (423) 273-78-72";"";"https://2gis.ru/vladivostok/firm/70000001024510853"
"Код ремонта, ремонтно-строительная компания";"ремонт квартир";"Выселковая улица, 12Б";"5";"5";"+7-914-340-46-66, +7-914-340-36-66";"telegram";"https://2gis.ru/vladivostok/firm/70000001103736815"
"Сферастрой, торгово-сервисная компания";"ремонт квартир";"Луговая улица, 26Б ст2";"3.1";"5";"+7 (423) 294-26-82, +7 (423) 258-22-36";"";"https://2gis.ru/vladivostok/firm/3518966490425651"
"Валюнинъ, фабрика мягкой мебели";"мебель на заказ";"Карьерная улица, 8";"5";"5";"+7-964-435-01-26";"";"https://2gis.ru/vladivostok/firm/70000001113721541"
"Сиамка Клининг, клининговая компания";"клининговая компания";"";"5";"5";"+7-924-266-78-78";"";"https://2gis.ru/vladivostok/firm/70000001064532697"
"Опора, автосервис";"автосервис";"Острогорная улица, 21";"5";"4";"+7-994-106-17-51, +7-914-067-32-13";"";"https://2gis.ru/vladivostok/firm/70000001114224218"
"Восток, натяжные потолки";"натяжные потолки";"Выселковая улица, 53а";"5";"4";"+7-914-333-55-18";"telegram";"https://2gis.ru/vladivostok/firm/70000001116067388"
"Кабинет военного юриста";"юридические услуги";"Светланская улица, 189";"5";"4";"+7-984-193-91-82";"";"https://2gis.ru/vladivostok/firm/70000001101806630"
"Грузоперевозки Приморье";"грузоперевозки";"Карьерная улица, 1 ст2";"5";"4";"+7-914-713-97-91";"telegram";"https://2gis.ru/vladivostok/firm/70000001114249844"
"Мастер комплект, торговая компания";"пластиковые окна";"Снеговая улица, 121 ст3";"5";"4";"+7-984-198-00-47";"";"https://2gis.ru/vladivostok/firm/70000001006816539"
"Сажени, торговая компания";"ландшафтный дизайн";"Бородинская улица, 20Б ст1";"3.2";"4";"+7-967-958-66-16, +7 (423) 280-66-16";"telegram";"https://2gis.ru/vladivostok/firm/70000001028770337"
"Моризз, фабрика натяжных потолков";"натяжные потолки";"улица Фадеева, 47 ст29";"1.2";"3";"";"";"https://2gis.ru/vladivostok/firm/70000001020247552"
"Декор, магазин-салон";"натяжные потолки";"1-я Рабочая улица, 16";"2.9";"3";"+7 (423) 250-23-02";"";"https://2gis.ru/vladivostok/firm/3518965490201442"
"Дом Пара Дв";"ремонт квартир";"улица Борисенко, 100к";"3.7";"3";"+7-984-143-97-50, +7-914-707-37-50";"";"https://2gis.ru/vladivostok/firm/70000001084430120"
"Грузовой Двор, аренда спецтехники";"грузоперевозки";"улица Зои Космодемьянской, 20 ст7";"5";"3";"+7-904-627-16-66, +7-904-627-92-22";"telegram";"https://2gis.ru/vladivostok/firm/70000001074347241"
"Вертикаль-21, компания";"ландшафтный дизайн";"Днепровская улица, 25д ст4а";"5";"3";"+7-902-077-75-87, +7-995-500-66-37";"";"https://2gis.ru/vladivostok/firm/70000001047678680"
"De`Art, студия";"ландшафтный дизайн";"";"5";"3";"+7 (423) 299-33-66";"telegram";"https://2gis.ru/vladivostok/firm/70000001090634485"
"Мастер Стиль, натяжные потолки";"натяжные потолки";"улица Калинина, 29Б ст И";"5";"2";"+7-924-333-41-41, +7-924-730-65-65";"";"https://2gis.ru/vladivostok/firm/70000001081895806"
"Вид сверху";"ремонт квартир";"Речная улица, 15Б";"5";"2";"+7-914-694-07-77";"telegram";"https://2gis.ru/vladivostok/firm/70000001113720842"
"Контора адвокатов №100";"юридические услуги";"проспект 100-летия Владивостока, 30а";"5";"2";"+7-914-724-59-30, +7-924-720-74-74";"";"https://2gis.ru/vladivostok/firm/70000001115104060"
"Квадрат, строительная компания";"пластиковые окна";"Партизанский проспект, 58";"5";"2";"+7 (423) 290-03-44, +7-902-505-03-44";"";"https://2gis.ru/vladivostok/firm/70000001052120654"
"Мастер склад Приморье, компания";"пластиковые окна";"Снеговая улица, 121 ст3";"3";"2";"+7 (423) 269-36-93";"";"https://2gis.ru/vladivostok/firm/70000001021560603"
"Стекловладсервис, торгово-производственная компания";"пластиковые окна";"Деревенская улица, 21 ст3";"5";"2";"+7-914-705-49-80, +7 (423) 275-49-80";"";"https://2gis.ru/vladivostok/firm/70000001031375235"
"Самая Лучшая Компания";"пластиковые окна";"улица Зои Космодемьянской, 20";"5";"2";"+7 (423) 248-83-85, +7-914-790-16-48";"";"https://2gis.ru/vladivostok/firm/3518965489884583"
"Берг Хаус, строительная компания";"ландшафтный дизайн";"Енисейская улица, 23д к1";"5";"2";"+7-908-979-35-66";"youtube";"https://2gis.ru/vladivostok/firm/70000001050866299"
"Всё Про Потолки";"натяжные потолки";"улица Жигура, 13";"5";"1";"+7-924-138-24-08";"";"https://2gis.ru/vladivostok/firm/70000001109492742"
"Абастон";"натяжные потолки";"Светланская улица, 89";"5";"1";"+7-902-555-30-72";"";"https://2gis.ru/vladivostok/firm/70000001083755272"
"SkyDV, торгово-производственная компания";"натяжные потолки";"Приморская улица, 12";"1";"1";"+7 (423) 200-03-11";"";"https://2gis.ru/vladivostok/firm/70000001018772890"
"Первый Потолочный";"натяжные потолки";"Сахалинская улица, 1в";"5";"1";"+7-902-480-63-52";"";"https://2gis.ru/vladivostok/firm/70000001114594253"
"Прайд, натяжные потолки";"натяжные потолки";"";"1";"1";"+7-962-338-69-15, +7 (423) 277-98-88";"telegram";"https://2gis.ru/vladivostok/firm/70000001068416868"
"Примкей";"натяжные потолки";"";"5";"1";"+7-914-790-12-23, +7-914-701-10-11";"telegram";"https://2gis.ru/vladivostok/firm/70000001087555197"
"Многопрофильная компания";"натяжные потолки";"1-я Рабочая улица, 107";"1.4";"1";"+7-914-793-33-85";"";"https://2gis.ru/vladivostok/firm/3518966490026395"
"Mebel.Veronika";"мебель на заказ";"улица Калинина, 231в к2";"5";"1";"+7-994-009-60-72";"";"https://2gis.ru/vladivostok/firm/70000001060060764"
"Бизнес-Информ, бухгалтерские и юридические услуги";"юридические услуги";"улица Станюковича, 48/9";"5";"1";"+7 (423) 254-26-97, +7-902-524-26-97";"";"https://2gis.ru/vladivostok/firm/70000001030315174"
"Чистый Блеск";"клининговая компания";"улица Нейбута, 63Б";"5";"1";"+7-951-008-04-44";"vkontakte";"https://2gis.ru/vladivostok/firm/70000001114316959"
"Золушка vl, клининговая компания";"клининговая компания";"";"5";"1";"+7-902-553-73-58";"";"https://2gis.ru/vladivostok/firm/70000001033918410"
"Estel, салон-бутик";"салон красоты";"Шилкинская улица, 36а";"5";"1";"+7-908-997-77-61";"";"https://2gis.ru/vladivostok/firm/70000001116568638"
"Оконный хаб, компания";"пластиковые окна";"Уткинская улица, 19";"1";"1";"+7-924-120-92-90";"";"https://2gis.ru/vladivostok/firm/70000001094567616"
"Владсервис, торгово-сервисная компания";"пластиковые окна";"Снеговая улица, 18Б";"1";"1";"+7 (423) 272-99-17";"";"https://2gis.ru/vladivostok/firm/70000001025279722"
"Восток, сервисный центр";"автосервис";"Енисейская улица, 23а";"";"0";"+7 (423) 234-70-22";"";"https://2gis.ru/vladivostok/firm/70000001115638818"
"Потолки Дв";"натяжные потолки";"";"";"0";"+7-902-480-75-10";"";"https://2gis.ru/vladivostok/firm/70000001065481126"
"Потолки всем, торгово-монтажная компания";"натяжные потолки";"";"";"0";"+7 (423) 275-77-07";"telegram";"https://2gis.ru/vladivostok/firm/3518966489878122"
"Лучший дом";"натяжные потолки";"";"";"0";"+7-914-682-69-51, +7-914-337-25-20";"";"https://2gis.ru/vladivostok/firm/70000001062566063"
"Авангард, завод натяжных потолков";"натяжные потолки";"Русская улица, 63";"";"0";"+7 (423) 200-13-75, +7-924-130-98-30";"";"https://2gis.ru/vladivostok/firm/70000001100305059"
"Vlpotolok, натяжные потолки";"натяжные потолки";"1-я Рабочая улица, 44а";"";"0";"+7-914-969-48-88";"telegram";"https://2gis.ru/vladivostok/firm/70000001114601612"
"Совместная строительная компания";"ремонт квартир";"Бородинская улица, 20а ст4";"";"0";"+7-962-333-77-66";"";"https://2gis.ru/vladivostok/firm/70000001102239964"
"Грин лайф";"клининговая компания";"Некрасовская улица, 36Б";"";"0";"+7-984-198-81-00";"";"https://2gis.ru/vladivostok/firm/70000001112880080"
"2ДВ";"клининговая компания";"улица Кирова, 25в";"";"0";"+7-999-618-15-11, +7-908-964-41-45";"";"https://2gis.ru/vladivostok/firm/70000001116063421"
"Клининг-Сервис";"клининговая компания";"Русская улица, 83";"";"0";"+7-908-993-96-66";"";"https://2gis.ru/vladivostok/firm/70000001111152062"
"ЭРСО, ремонтно-сервисное объединение";"клининговая компания";"улица Сабанеева, 14в";"";"0";"+7-994-000-00-97, +7-924-131-08-04";"";"https://2gis.ru/vladivostok/firm/70000001094183422"
"Панорама, производственная компания";"пластиковые окна";"Выселковая улица, 12а";"";"0";"+7-902-050-44-60";"telegram";"https://2gis.ru/vladivostok/firm/70000001069128425"
"Флагман, компания";"пластиковые окна";"Русская улица, 94а";"";"0";"+7-904-629-23-31";"";"https://2gis.ru/vladivostok/firm/70000001066405478"
"Р-строй, монтажно-строительная компания";"пластиковые окна";"Русская улица, 41а";"";"0";"+7 (423) 232-55-93";"";"https://2gis.ru/vladivostok/firm/3518965489878490"
"Цех";"пластиковые окна";"проспект 100-летия Владивостока, 127";"";"0";"+7-914-687-70-77";"";"https://2gis.ru/vladivostok/firm/70000001081303967"
"Кульман, архитектурно-проектная компания";"ландшафтный дизайн";"проспект Красного Знамени, 114а";"";"0";"+7 (423) 276-43-82";"";"https://2gis.ru/vladivostok/firm/70000001034569430"
"Архибат, проектная мастерская";"ландшафтный дизайн";"Нерчинская улица, 10";"";"0";"+7 (423) 262-14-77";"";"https://2gis.ru/vladivostok/firm/70000001026074644"
"Ad Group Architecture&Interior";"ландшафтный дизайн";"Тигровая улица, 16а";"";"0";"+7-914-710-73-82, +7-904-629-34-35";"telegram";"https://2gis.ru/vladivostok/firm/70000001052811328"
"Ремонт пространства, компания";"ландшафтный дизайн";"улица Ватутина, 4д";"";"0";"+7-953-204-68-88";"";"https://2gis.ru/vladivostok/firm/70000001115181044"
"Владсад, озеленение и благоустройство";"ландшафтный дизайн";"Иртышская улица, 23";"";"0";"+7-914-791-92-20, +7-914-707-17-51";"";"https://2gis.ru/vladivostok/firm/3518965489898571"
"Дома, строительная компания";"ландшафтный дизайн";"улица Басаргина, 38";"";"0";"+7-908-992-56-02, +7-950-285-94-09";"";"https://2gis.ru/vladivostok/firm/70000001116293306"
"Архитектор, дизайн-студия";"ландшафтный дизайн";"1-я Круговая улица, 25а";"";"0";"+7 (423) 295-50-00";"";"https://2gis.ru/vladivostok/firm/3518965489871509"
"Импрува, мастерская генплана и архитектурных решений";"ландшафтный дизайн";"Русская улица, 27в";"";"0";"+7-963-839-99-92";"telegram";"https://2gis.ru/vladivostok/firm/70000001100088433"
"Сажени, торговая компания";"ландшафтный дизайн";"Лесная улица, 12 ст15";"";"0";"+7-967-958-66-16";"telegram,vkontakte,odnoklassniki";"https://2gis.ru/vladivostok/firm/70000001097370280"
"Фэн-шуй, консалтинговая компания";"ландшафтный дизайн";"";"";"0";"+7-914-791-67-94";"";"https://2gis.ru/vladivostok/firm/70000001020597827"
"Пластика, ландшафтное бюро";"ландшафтный дизайн";"";"";"0";"+7-914-791-42-23";"";"https://2gis.ru/vladivostok/firm/70000001026174676"
"Ас-Мастер, архитектурно-проектная мастерская";"ландшафтный дизайн";"";"";"0";"+7-924-236-77-02";"";"https://2gis.ru/vladivostok/firm/70000001026545804"
"СадовникВл";"ландшафтный дизайн";"";"";"0";"+7-924-252-67-99";"";"https://2gis.ru/vladivostok/firm/70000001096894649"
"Проречь";"детский центр";"улица Ладыгина, 7";"";"0";"+7-914-735-24-57";"vkontakte,telegram";"https://2gis.ru/vladivostok/firm/70000001101722675"
